block,timestamp,trade_size_usdc,uniswap_price,sushiswap_price,signed_spread,absolute_spread,relative_spread_pct,spot_buy_dex,spot_sell_dex,route_a_pnl,route_a_return_pct,route_b_pnl,route_b_return_pct,best_route,best_final_usdc,best_pnl_before_gas,best_return_before_gas_pct,profitable_before_gas
26011769,2026-09-19 13:09:59+00:00,100.0,2638.2455646343747,2641.417072362232,3.1715077278573953,3.1715077278573953,0.12021275693102221,Uniswap V3,SushiSwap V2,-0.539021,-0.539021,-0.299797,-0.299797,Uniswap V3 -> SushiSwap V2,99.700203,-0.299797,-0.299797,False
26011769,2026-09-19 13:09:59+00:00,500.0,2638.2455646343747,2641.417072362232,3.1715077278573953,3.1715077278573953,0.12021275693102221,Uniswap V3,SushiSwap V2,-4.080703,-0.8161406,-2.888889,-0.5777778,Uniswap V3 -> SushiSwap V2,497.111111,-2.888889,-0.5777778,False
26011769,2026-09-19 13:09:59+00:00,1000.0,2638.2455646343747,2641.417072362232,3.1715077278573953,3.1715077278573953,0.12021275693102221,Uniswap V3,SushiSwap V2,-11.603766,-1.1603766,-9.230821,-0.9230821,Uniswap V3 -> SushiSwap V2,990.769179,-9.230821,-0.9230821,False
26011769,2026-09-19 13:09:59+00:00,5000.0,2638.2455646343747,2641.417072362232,3.1715077278573953,3.1715077278573953,0.12021275693102221,Uniswap V3,SushiSwap V2,-191.52839,-3.8305678,-180.075192,-3.60150384,Uniswap V3 -> SushiSwap V2,4819.924808,-180.075192,-3.60150384,False
26011769,2026-09-19 13:09:59+00:00,10000.0,2638.2455646343747,2641.417072362232,3.1715077278573953,3.1715077278573953,0.12021275693102221,Uniswap V3,SushiSwap V2,-697.205095,-6.97205095,-675.254079,-6.75254079,Uniswap V3 -> SushiSwap V2,9324.745921,-675.254079,-6.75254079,False
26011770,2026-09-19 13:10:23+00:00,100.0,2638.2455646343747,2641.417072362232,3.1715077278573953,3.1715077278573953,0.12021275693102221,Uniswap V3,SushiSwap V2,-0.539021,-0.539021,-0.299797,-0.299797,Uniswap V3 -> SushiSwap V2,99.700203,-0.299797,-0.299797,False
26011770,2026-09-19 13:10:23+00:00,500.0,2638.2455646343747,2641.417072362232,3.1715077278573953,3.1715077278573953,0.12021275693102221,Uniswap V3,SushiSwap V2,-4.080703,-0.8161406,-2.888889,-0.5777778,Uniswap V3 -> SushiSwap V2,497.111111,-2.888889,-0.5777778,False
26011770,2026-09-19 13:10:23+00:00,1000.0,2638.2455646343747,2641.417072362232,3.1715077278573953,3.1715077278573953,0.12021275693102221,Uniswap V3,SushiSwap V2,-11.603766,-1.1603766,-9.230821,-0.9230821,Uniswap V3 -> SushiSwap V2,990.769179,-9.230821,-0.9230821,False
26011770,2026-09-19 13:10:23+00:00,5000.0,2638.2455646343747,2641.417072362232,3.1715077278573953,3.1715077278573953,0.12021275693102221,Uniswap V3,SushiSwap V2,-191.52839,-3.8305678,-180.075192,-3.60150384,Uniswap V3 -> SushiSwap V2,4819.924808,-180.075192,-3.60150384,False
26011770,2026-09-19 13:10:23+00:00,10000.0,2638.2455646343747,2641.417072362232,3.1715077278573953,3.1715077278573953,0.12021275693102221,Uniswap V3,SushiSwap V2,-697.205095,-6.97205095,-675.254079,-6.75254079,Uniswap V3 -> SushiSwap V2,9324.745921,-675.254079,-6.75254079,False
26011771,2026-09-19 13:10:35+00:00,100.0,2638.2455646343747,2641.417072362232,3.1715077278573953,3.1715077278573953,0.12021275693102221,Uniswap V3,SushiSwap V2,-0.539021,-0.539021,-0.299797,-0.299797,Uniswap V3 -> SushiSwap V2,99.700203,-0.299797,-0.299797,False
26011771,2026-09-19 13:10:35+00:00,500.0,2638.2455646343747,2641.417072362232,3.1715077278573953,3.1715077278573953,0.12021275693102221,Uniswap V3,SushiSwap V2,-4.080703,-0.8161406,-2.888889,-0.5777778,Uniswap V3 -> SushiSwap V2,497.111111,-2.888889,-0.5777778,False
26011771,2026-09-19 13:10:35+00:00,1000.0,2638.2455646343747,2641.417072362232,3.1715077278573953,3.1715077278573953,0.12021275693102221,Uniswap V3,SushiSwap V2,-11.603766,-1.1603766,-9.230821,-0.9230821,Uniswap V3 -> SushiSwap V2,990.769179,-9.230821,-0.9230821,False
26011771,2026-09-19 13:10:35+00:00,5000.0,2638.2455646343747,2641.417072362232,3.1715077278573953,3.1715077278573953,0.12021275693102221,Uniswap V3,SushiSwap V2,-191.52839,-3.8305678,-180.075192,-3.60150384,Uniswap V3 -> SushiSwap V2,4819.924808,-180.075192,-3.60150384,False
26011771,2026-09-19 13:10:35+00:00,10000.0,2638.2455646343747,2641.417072362232,3.1715077278573953,3.1715077278573953,0.12021275693102221,Uniswap V3,SushiSwap V2,-697.205095,-6.97205095,-675.254079,-6.75254079,Uniswap V3 -> SushiSwap V2,9324.745921,-675.254079,-6.75254079,False
26011772,2026-09-19 13:10:47+00:00,100.0,2638.2455646343747,2641.417072362232,3.1715077278573953,3.1715077278573953,0.12021275693102221,Uniswap V3,SushiSwap V2,-0.539021,-0.539021,-0.299797,-0.299797,Uniswap V3 -> SushiSwap V2,99.700203,-0.299797,-0.299797,False
26011772,2026-09-19 13:10:47+00:00,500.0,2638.2455646343747,2641.417072362232,3.1715077278573953,3.1715077278573953,0.12021275693102221,Uniswap V3,SushiSwap V2,-4.080703,-0.8161406,-2.888889,-0.5777778,Uniswap V3 -> SushiSwap V2,497.111111,-2.888889,-0.5777778,False
26011772,2026-09-19 13:10:47+00:00,1000.0,2638.2455646343747,2641.417072362232,3.1715077278573953,3.1715077278573953,0.12021275693102221,Uniswap V3,SushiSwap V2,-11.603766,-1.1603766,-9.230821,-0.9230821,Uniswap V3 -> SushiSwap V2,990.769179,-9.230821,-0.9230821,False
26011772,2026-09-19 13:10:47+00:00,5000.0,2638.2455646343747,2641.417072362232,3.1715077278573953,3.1715077278573953,0.12021275693102221,Uniswap V3,SushiSwap V2,-191.52839,-3.8305678,-180.075192,-3.60150384,Uniswap V3 -> SushiSwap V2,4819.924808,-180.075192,-3.60150384,False
26011772,2026-09-19 13:10:47+00:00,10000.0,2638.2455646343747,2641.417072362232,3.1715077278573953,3.1715077278573953,0.12021275693102221,Uniswap V3,SushiSwap V2,-697.205095,-6.97205095,-675.254079,-6.75254079,Uniswap V3 -> SushiSwap V2,9324.745921,-675.254079,-6.75254079,False
26011773,2026-09-19 13:10:59+00:00,100.0,2638.2433932793774,2641.417072362232,3.173679082854656,3.173679082854656,0.12029515892806705,Uniswap V3,SushiSwap V2,-0.539103,-0.539103,-0.299715,-0.299715,Uniswap V3 -> SushiSwap V2,99.700285,-0.299715,-0.299715,False
26011773,2026-09-19 13:10:59+00:00,500.0,2638.2433932793774,2641.417072362232,3.173679082854656,3.173679082854656,0.12029515892806705,Uniswap V3,SushiSwap V2,-4.081111,-0.8162222,-2.888481,-0.5776962,Uniswap V3 -> SushiSwap V2,497.111519,-2.888481,-0.5776962,False
26011773,2026-09-19 13:10:59+00:00,1000.0,2638.2433932793774,2641.417072362232,3.173679082854656,3.173679082854656,0.12029515892806705,Uniswap V3,SushiSwap V2,-11.60458,-1.160458,-9.230011,-0.9230011,Uniswap V3 -> SushiSwap V2,990.769989,-9.230011,-0.9230011,False
26011773,2026-09-19 13:10:59+00:00,5000.0,2638.2433932793774,2641.417072362232,3.173679082854656,3.173679082854656,0.12029515892806705,Uniswap V3,SushiSwap V2,-191.532347,-3.83064694,-180.071359,-3.60142718,Uniswap V3 -> SushiSwap V2,4819.928641,-180.071359,-3.60142718,False
26011773,2026-09-19 13:10:59+00:00,10000.0,2638.2433932793774,2641.417072362232,3.173679082854656,3.173679082854656,0.12029515892806705,Uniswap V3,SushiSwap V2,-697.212752,-6.97212752,-675.246906,-6.75246906,Uniswap V3 -> SushiSwap V2,9324.753094,-675.246906,-6.75246906,False
26011774,2026-09-19 13:11:11+00:00,100.0,2637.4214815244954,2641.417072362232,3.9955908377366223,3.9955908377366223,0.15149610578841086,Uniswap V3,SushiSwap V2,-0.570089,-0.570089,-0.268666,-0.268666,Uniswap V3 -> SushiSwap V2,99.731334,-0.268666,-0.268666,False
26011774,2026-09-19 13:11:11+00:00,500.0,2637.4214815244954,2641.417072362232,3.9955908377366223,3.9955908377366223,0.15149610578841086,Uniswap V3,SushiSwap V2,-4.235609,-0.8471218,-2.734104,-0.5468208,Uniswap V3 -> SushiSwap V2,497.265896,-2.734104,-0.5468208,False
26011774,2026-09-19 13:11:11+00:00,1000.0,2637.4214815244954,2641.417072362232,3.9955908377366223,3.9955908377366223,0.15149610578841086,Uniswap V3,SushiSwap V2,-11.912501,-1.1912501,-8.923398,-0.8923398,Uniswap V3 -> SushiSwap V2,991.076602,-8.923398,-0.8923398,False
26011774,2026-09-19 13:11:11+00:00,5000.0,2637.4214815244954,2641.417072362232,3.9955908377366223,3.9955908377366223,0.15149610578841086,Uniswap V3,SushiSwap V2,-193.030349,-3.86060698,-178.62006,-3.5724012,Uniswap V3 -> SushiSwap V2,4821.37994,-178.62006,-3.5724012,False
26011774,2026-09-19 13:11:11+00:00,10000.0,2637.4214815244954,2641.417072362232,3.9955908377366223,3.9955908377366223,0.15149610578841086,Uniswap V3,SushiSwap V2,-700.110859,-7.00110859,-672.530961,-6.72530961,Uniswap V3 -> SushiSwap V2,9327.469039,-672.530961,-6.72530961,False
26011775,2026-09-19 13:11:23+00:00,100.0,2637.4214815244954,2641.417072362232,3.9955908377366223,3.9955908377366223,0.15149610578841086,Uniswap V3,SushiSwap V2,-0.570089,-0.570089,-0.268666,-0.268666,Uniswap V3 -> SushiSwap V2,99.731334,-0.268666,-0.268666,False
26011775,2026-09-19 13:11:23+00:00,500.0,2637.4214815244954,2641.417072362232,3.9955908377366223,3.9955908377366223,0.15149610578841086,Uniswap V3,SushiSwap V2,-4.235609,-0.8471218,-2.734104,-0.5468208,Uniswap V3 -> SushiSwap V2,497.265896,-2.734104,-0.5468208,False
26011775,2026-09-19 13:11:23+00:00,1000.0,2637.4214815244954,2641.417072362232,3.9955908377366223,3.9955908377366223,0.15149610578841086,Uniswap V3,SushiSwap V2,-11.912501,-1.1912501,-8.923398,-0.8923398,Uniswap V3 -> SushiSwap V2,991.076602,-8.923398,-0.8923398,False
26011775,2026-09-19 13:11:23+00:00,5000.0,2637.4214815244954,2641.417072362232,3.9955908377366223,3.9955908377366223,0.15149610578841086,Uniswap V3,SushiSwap V2,-193.030349,-3.86060698,-178.62006,-3.5724012,Uniswap V3 -> SushiSwap V2,4821.37994,-178.62006,-3.5724012,False
26011775,2026-09-19 13:11:23+00:00,10000.0,2637.4214815244954,2641.417072362232,3.9955908377366223,3.9955908377366223,0.15149610578841086,Uniswap V3,SushiSwap V2,-700.110859,-7.00110859,-672.530961,-6.72530961,Uniswap V3 -> SushiSwap V2,9327.469039,-672.530961,-6.72530961,False
26011776,2026-09-19 13:11:35+00:00,100.0,2636.1142994840557,2641.417072362232,5.302772878176145,5.302772878176145,0.20115868569181586,Uniswap V3,SushiSwap V2,-0.619369,-0.619369,-0.219247,-0.219247,Uniswap V3 -> SushiSwap V2,99.780753,-0.219247,-0.219247,False
26011776,2026-09-19 13:11:35+00:00,500.0,2636.1142994840557,2641.417072362232,5.302772878176145,5.302772878176145,0.20115868569181586,Uniswap V3,SushiSwap V2,-4.481323,-0.8962646,-2.488382,-0.4976764,Uniswap V3 -> SushiSwap V2,497.511618,-2.488382,-0.4976764,False
26011776,2026-09-19 13:11:35+00:00,1000.0,2636.1142994840557,2641.417072362232,5.302772878176145,5.302772878176145,0.20115868569181586,Uniswap V3,SushiSwap V2,-12.402225,-1.2402225,-8.435364,-0.8435364,Uniswap V3 -> SushiSwap V2,991.564636,-8.435364,-0.8435364,False
26011776,2026-09-19 13:11:35+00:00,5000.0,2636.1142994840557,2641.417072362232,5.302772878176145,5.302772878176145,0.20115868569181586,Uniswap V3,SushiSwap V2,-195.412797,-3.90825594,-176.310088,-3.52620176,Uniswap V3 -> SushiSwap V2,4823.689912,-176.310088,-3.52620176,False
26011776,2026-09-19 13:11:35+00:00,10000.0,2636.1142994840557,2641.417072362232,5.302772878176145,5.302772878176145,0.20115868569181586,Uniswap V3,SushiSwap V2,-704.720059,-7.04720059,-668.208216,-6.68208216,Uniswap V3 -> SushiSwap V2,9331.791784,-668.208216,-6.68208216,False
26011777,2026-09-19 13:11:47+00:00,100.0,2635.463951025392,2641.417072362232,5.9531213368400415,5.9531213368400415,0.22588513625936085,Uniswap V3,SushiSwap V2,-0.643887,-0.643887,-0.194641,-0.194641,Uniswap V3 -> SushiSwap V2,99.805359,-0.194641,-0.194641,False
26011777,2026-09-19 13:11:47+00:00,500.0,2635.463951025392,2641.417072362232,5.9531213368400415,5.9531213368400415,0.22588513625936085,Uniswap V3,SushiSwap V2,-4.603571,-0.9207142,-2.36604,-0.473208,Uniswap V3 -> SushiSwap V2,497.63396,-2.36604,-0.473208,False
26011777,2026-09-19 13:11:47+00:00,1000.0,2635.463951025392,2641.417072362232,5.9531213368400415,5.9531213368400415,0.22588513625936085,Uniswap V3,SushiSwap V2,-12.645872,-1.2645872,-8.192378,-0.8192378,Uniswap V3 -> SushiSwap V2,991.807622,-8.192378,-0.8192378,False
26011777,2026-09-19 13:11:47+00:00,5000.0,2635.463951025392,2641.417072362232,5.9531213368400415,5.9531213368400415,0.22588513625936085,Uniswap V3,SushiSwap V2,-196.598113,-3.93196226,-175.16001,-3.5032002,Uniswap V3 -> SushiSwap V2,4824.83999,-175.16001,-3.5032002,False
26011777,2026-09-19 13:11:47+00:00,10000.0,2635.463951025392,2641.417072362232,5.9531213368400415,5.9531213368400415,0.22588513625936085,Uniswap V3,SushiSwap V2,-707.013235,-7.07013235,-666.056085,-6.66056085,Uniswap V3 -> SushiSwap V2,9333.943915,-666.056085,-6.66056085,False
26011778,2026-09-19 13:11:59+00:00,100.0,2635.199143522907,2641.417072362232,6.217928839325078,6.217928839325078,0.23595669627505048,Uniswap V3,SushiSwap V2,-0.65387,-0.65387,-0.184619,-0.184619,Uniswap V3 -> SushiSwap V2,99.815381,-0.184619,-0.184619,False
26011778,2026-09-19 13:11:59+00:00,500.0,2635.199143522907,2641.417072362232,6.217928839325078,6.217928839325078,0.23595669627505048,Uniswap V3,SushiSwap V2,-4.653348,-0.9306696,-2.316208,-0.4632416,Uniswap V3 -> SushiSwap V2,497.683792,-2.316208,-0.4632416,False
26011778,2026-09-19 13:11:59+00:00,1000.0,2635.199143522907,2641.417072362232,6.217928839325078,6.217928839325078,0.23595669627505048,Uniswap V3,SushiSwap V2,-12.74508,-1.274508,-8.093406,-0.8093406,Uniswap V3 -> SushiSwap V2,991.906594,-8.093406,-0.8093406,False
26011778,2026-09-19 13:11:59+00:00,5000.0,2635.199143522907,2641.417072362232,6.217928839325078,6.217928839325078,0.23595669627505048,Uniswap V3,SushiSwap V2,-197.080747,-3.94161494,-174.691566,-3.49383132,Uniswap V3 -> SushiSwap V2,4825.308434,-174.691566,-3.49383132,False
26011778,2026-09-19 13:11:59+00:00,10000.0,2635.199143522907,2641.417072362232,6.217928839325078,6.217928839325078,0.23595669627505048,Uniswap V3,SushiSwap V2,-707.946961,-7.07946961,-665.179496,-6.65179496,Uniswap V3 -> SushiSwap V2,9334.820504,-665.179496,-6.65179496,False
26011779,2026-09-19 13:12:11+00:00,100.0,2635.1963237045757,2641.417072362232,6.220748657656529,6.220748657656529,0.23606395476870434,Uniswap V3,SushiSwap V2,-0.653976,-0.653976,-0.184512,-0.184512,Uniswap V3 -> SushiSwap V2,99.815488,-0.184512,-0.184512,False
26011779,2026-09-19 13:12:11+00:00,500.0,2635.1963237045757,2641.417072362232,6.220748657656529,6.220748657656529,0.23606395476870434,Uniswap V3,SushiSwap V2,-4.653878,-0.9307756,-2.315677,-0.4631354,Uniswap V3 -> SushiSwap V2,497.684323,-2.315677,-0.4631354,False
26011779,2026-09-19 13:12:11+00:00,1000.0,2635.1963237045757,2641.417072362232,6.220748657656529,6.220748657656529,0.23606395476870434,Uniswap V3,SushiSwap V2,-12.746136,-1.2746136,-8.092352,-0.8092352,Uniswap V3 -> SushiSwap V2,991.907648,-8.092352,-0.8092352,False
26011779,2026-09-19 13:12:11+00:00,5000.0,2635.1963237045757,2641.417072362232,6.220748657656529,6.220748657656529,0.23606395476870434,Uniswap V3,SushiSwap V2,-197.085886,-3.94171772,-174.686577,-3.49373154,Uniswap V3 -> SushiSwap V2,4825.313423,-174.686577,-3.49373154,False
26011779,2026-09-19 13:12:11+00:00,10000.0,2635.1963237045757,2641.417072362232,6.220748657656529,6.220748657656529,0.23606395476870434,Uniswap V3,SushiSwap V2,-707.956904,-7.07956904,-665.170161,-6.65170161,Uniswap V3 -> SushiSwap V2,9334.829839,-665.170161,-6.65170161,False
26011780,2026-09-19 13:12:23+00:00,100.0,2635.178607992948,2641.417072362232,6.2384643692841895,6.2384643692841895,0.236737819226441,Uniswap V3,SushiSwap V2,-0.654644,-0.654644,-0.183842,-0.183842,Uniswap V3 -> SushiSwap V2,99.816158,-0.183842,-0.183842,False
26011780,2026-09-19 13:12:23+00:00,500.0,2635.178607992948,2641.417072362232,6.2384643692841895,6.2384643692841895,0.236737819226441,Uniswap V3,SushiSwap V2,-4.657208,-0.9314416,-2.312343,-0.4624686,Uniswap V3 -> SushiSwap V2,497.687657,-2.312343,-0.4624686,False
26011780,2026-09-19 13:12:23+00:00,1000.0,2635.178607992948,2641.417072362232,6.2384643692841895,6.2384643692841895,0.236737819226441,Uniswap V3,SushiSwap V2,-12.752773,-1.2752773,-8.08573,-0.808573,Uniswap V3 -> SushiSwap V2,991.91427,-8.08573,-0.808573,False
26011780,2026-09-19 13:12:23+00:00,5000.0,2635.178607992948,2641.417072362232,6.2384643692841895,6.2384643692841895,0.236737819226441,Uniswap V3,SushiSwap V2,-197.118175,-3.9423635,-174.655235,-3.4931047,Uniswap V3 -> SushiSwap V2,4825.344765,-174.655235,-3.4931047,False
26011780,2026-09-19 13:12:23+00:00,10000.0,2635.178607992948,2641.417072362232,6.2384643692841895,6.2384643692841895,0.236737819226441,Uniswap V3,SushiSwap V2,-708.01937,-7.0801937,-665.111511,-6.65111511,Uniswap V3 -> SushiSwap V2,9334.888489,-665.111511,-6.65111511,False
26011781,2026-09-19 13:12:35+00:00,100.0,2635.178607992948,2641.417072362232,6.2384643692841895,6.2384643692841895,0.236737819226441,Uniswap V3,SushiSwap V2,-0.654644,-0.654644,-0.183842,-0.183842,Uniswap V3 -> SushiSwap V2,99.816158,-0.183842,-0.183842,False
26011781,2026-09-19 13:12:35+00:00,500.0,2635.178607992948,2641.417072362232,6.2384643692841895,6.2384643692841895,0.236737819226441,Uniswap V3,SushiSwap V2,-4.657208,-0.9314416,-2.312343,-0.4624686,Uniswap V3 -> SushiSwap V2,497.687657,-2.312343,-0.4624686,False
26011781,2026-09-19 13:12:35+00:00,1000.0,2635.178607992948,2641.417072362232,6.2384643692841895,6.2384643692841895,0.236737819226441,Uniswap V3,SushiSwap V2,-12.752773,-1.2752773,-8.08573,-0.808573,Uniswap V3 -> SushiSwap V2,991.91427,-8.08573,-0.808573,False
26011781,2026-09-19 13:12:35+00:00,5000.0,2635.178607992948,2641.417072362232,6.2384643692841895,6.2384643692841895,0.236737819226441,Uniswap V3,SushiSwap V2,-197.118175,-3.9423635,-174.655235,-3.4931047,Uniswap V3 -> SushiSwap V2,4825.344765,-174.655235,-3.4931047,False
26011781,2026-09-19 13:12:35+00:00,10000.0,2635.178607992948,2641.417072362232,6.2384643692841895,6.2384643692841895,0.236737819226441,Uniswap V3,SushiSwap V2,-708.01937,-7.0801937,-665.111511,-6.65111511,Uniswap V3 -> SushiSwap V2,9334.888489,-665.111511,-6.65111511,False
26011782,2026-09-19 13:12:47+00:00,100.0,2634.7799200892473,2641.417072362232,6.637152272984684,6.637152272984684,0.25190537632303894,Uniswap V3,SushiSwap V2,-0.669675,-0.669675,-0.168748,-0.168748,Uniswap V3 -> SushiSwap V2,99.831252,-0.168748,-0.168748,False
26011782,2026-09-19 13:12:47+00:00,500.0,2634.7799200892473,2641.417072362232,6.637152272984684,6.637152272984684,0.25190537632303894,Uniswap V3,SushiSwap V2,-4.732151,-0.9464302,-2.237297,-0.4474594,Uniswap V3 -> SushiSwap V2,497.762703,-2.237297,-0.4474594,False
26011782,2026-09-19 13:12:47+00:00,1000.0,2634.7799200892473,2641.417072362232,6.637152272984684,6.637152272984684,0.25190537632303894,Uniswap V3,SushiSwap V2,-12.902138,-1.2902138,-7.936679,-0.7936679,Uniswap V3 -> SushiSwap V2,992.063321,-7.936679,-0.7936679,False
26011782,2026-09-19 13:12:47+00:00,5000.0,2634.7799200892473,2641.417072362232,6.637152272984684,6.637152272984684,0.25190537632303894,Uniswap V3,SushiSwap V2,-197.844816,-3.95689632,-173.949774,-3.47899548,Uniswap V3 -> SushiSwap V2,4826.050226,-173.949774,-3.47899548,False
26011782,2026-09-19 13:12:47+00:00,10000.0,2634.7799200892473,2641.417072362232,6.637152272984684,6.637152272984684,0.25190537632303894,Uniswap V3,SushiSwap V2,-709.425167,-7.09425167,-663.791409,-6.63791409,Uniswap V3 -> SushiSwap V2,9336.208591,-663.791409,-6.63791409,False
26011783,2026-09-19 13:12:59+00:00,100.0,2634.7799200892473,2641.417072362232,6.637152272984684,6.637152272984684,0.25190537632303894,Uniswap V3,SushiSwap V2,-0.669675,-0.669675,-0.168748,-0.168748,Uniswap V3 -> SushiSwap V2,99.831252,-0.168748,-0.168748,False
26011783,2026-09-19 13:12:59+00:00,500.0,2634.7799200892473,2641.417072362232,6.637152272984684,6.637152272984684,0.25190537632303894,Uniswap V3,SushiSwap V2,-4.732151,-0.9464302,-2.237297,-0.4474594,Uniswap V3 -> SushiSwap V2,497.762703,-2.237297,-0.4474594,False
26011783,2026-09-19 13:12:59+00:00,1000.0,2634.7799200892473,2641.417072362232,6.637152272984684,6.637152272984684,0.25190537632303894,Uniswap V3,SushiSwap V2,-12.902138,-1.2902138,-7.936679,-0.7936679,Uniswap V3 -> SushiSwap V2,992.063321,-7.936679,-0.7936679,False
26011783,2026-09-19 13:12:59+00:00,5000.0,2634.7799200892473,2641.417072362232,6.637152272984684,6.637152272984684,0.25190537632303894,Uniswap V3,SushiSwap V2,-197.844816,-3.95689632,-173.949774,-3.47899548,Uniswap V3 -> SushiSwap V2,4826.050226,-173.949774,-3.47899548,False
26011783,2026-09-19 13:12:59+00:00,10000.0,2634.7799200892473,2641.417072362232,6.637152272984684,6.637152272984684,0.25190537632303894,Uniswap V3,SushiSwap V2,-709.425167,-7.09425167,-663.791409,-6.63791409,Uniswap V3 -> SushiSwap V2,9336.208591,-663.791409,-6.63791409,False
26011784,2026-09-19 13:13:11+00:00,100.0,2635.6269828643494,2641.417072362232,5.790089497882637,5.790089497882637,0.21968546898051855,Uniswap V3,SushiSwap V2,-0.637741,-0.637741,-0.200811,-0.200811,Uniswap V3 -> SushiSwap V2,99.799189,-0.200811,-0.200811,False
26011784,2026-09-19 13:13:11+00:00,500.0,2635.6269828643494,2641.417072362232,5.790089497882637,5.790089497882637,0.21968546898051855,Uniswap V3,SushiSwap V2,-4.572926,-0.9145852,-2.396715,-0.479343,Uniswap V3 -> SushiSwap V2,497.603285,-2.396715,-0.479343,False
26011784,2026-09-19 13:13:11+00:00,1000.0,2635.6269828643494,2641.417072362232,5.790089497882637,5.790089497882637,0.21968546898051855,Uniswap V3,SushiSwap V2,-12.584794,-1.2584794,-8.253302,-0.8253302,Uniswap V3 -> SushiSwap V2,991.746698,-8.253302,-0.8253302,False
26011784,2026-09-19 13:13:11+00:00,5000.0,2635.6269828643494,2641.417072362232,5.790089497882637,5.790089497882637,0.21968546898051855,Uniswap V3,SushiSwap V2,-196.300974,-3.92601948,-175.448368,-3.50896736,Uniswap V3 -> SushiSwap V2,4824.551632,-175.448368,-3.50896736,False
26011784,2026-09-19 13:13:11+00:00,10000.0,2635.6269828643494,2641.417072362232,5.790089497882637,5.790089497882637,0.21968546898051855,Uniswap V3,SushiSwap V2,-706.438375,-7.06438375,-666.595686,-6.66595686,Uniswap V3 -> SushiSwap V2,9333.404314,-666.595686,-6.66595686,False
26011785,2026-09-19 13:13:23+00:00,100.0,2635.6269828643494,2641.417072362232,5.790089497882637,5.790089497882637,0.21968546898051855,Uniswap V3,SushiSwap V2,-0.637741,-0.637741,-0.200811,-0.200811,Uniswap V3 -> SushiSwap V2,99.799189,-0.200811,-0.200811,False
26011785,2026-09-19 13:13:23+00:00,500.0,2635.6269828643494,2641.417072362232,5.790089497882637,5.790089497882637,0.21968546898051855,Uniswap V3,SushiSwap V2,-4.572926,-0.9145852,-2.396715,-0.479343,Uniswap V3 -> SushiSwap V2,497.603285,-2.396715,-0.479343,False
26011785,2026-09-19 13:13:23+00:00,1000.0,2635.6269828643494,2641.417072362232,5.790089497882637,5.790089497882637,0.21968546898051855,Uniswap V3,SushiSwap V2,-12.584794,-1.2584794,-8.253302,-0.8253302,Uniswap V3 -> SushiSwap V2,991.746698,-8.253302,-0.8253302,False
26011785,2026-09-19 13:13:23+00:00,5000.0,2635.6269828643494,2641.417072362232,5.790089497882637,5.790089497882637,0.21968546898051855,Uniswap V3,SushiSwap V2,-196.300974,-3.92601948,-175.448368,-3.50896736,Uniswap V3 -> SushiSwap V2,4824.551632,-175.448368,-3.50896736,False
26011785,2026-09-19 13:13:23+00:00,10000.0,2635.6269828643494,2641.417072362232,5.790089497882637,5.790089497882637,0.21968546898051855,Uniswap V3,SushiSwap V2,-706.438375,-7.06438375,-666.595686,-6.66595686,Uniswap V3 -> SushiSwap V2,9333.404314,-666.595686,-6.66595686,False
26011786,2026-09-19 13:13:47+00:00,100.0,2635.9204627988624,2641.417072362232,5.496609563369538,5.496609563369538,0.20852714036496953,Uniswap V3,SushiSwap V2,-0.626677,-0.626677,-0.211914,-0.211914,Uniswap V3 -> SushiSwap V2,99.788086,-0.211914,-0.211914,False
26011786,2026-09-19 13:13:47+00:00,500.0,2635.9204627988624,2641.417072362232,5.496609563369538,5.496609563369538,0.20852714036496953,Uniswap V3,SushiSwap V2,-4.51776,-0.903552,-2.451924,-0.4903848,Uniswap V3 -> SushiSwap V2,497.548076,-2.451924,-0.4903848,False
26011786,2026-09-19 13:13:47+00:00,1000.0,2635.9204627988624,2641.417072362232,5.496609563369538,5.496609563369538,0.20852714036496953,Uniswap V3,SushiSwap V2,-12.474844,-1.2474844,-8.362954,-0.8362954,Uniswap V3 -> SushiSwap V2,991.637046,-8.362954,-0.8362954,False
26011786,2026-09-19 13:13:47+00:00,5000.0,2635.9204627988624,2641.417072362232,5.496609563369538,5.496609563369538,0.20852714036496953,Uniswap V3,SushiSwap V2,-195.766083,-3.91532166,-175.967367,-3.51934734,Uniswap V3 -> SushiSwap V2,4824.032633,-175.967367,-3.51934734,False
26011786,2026-09-19 13:13:47+00:00,10000.0,2635.9204627988624,2641.417072362232,5.496609563369538,5.496609563369538,0.20852714036496953,Uniswap V3,SushiSwap V2,-705.403548,-7.05403548,-667.566879,-6.67566879,Uniswap V3 -> SushiSwap V2,9332.433121,-667.566879,-6.67566879,False
26011787,2026-09-19 13:13:59+00:00,100.0,2635.983692762439,2641.417072362232,5.43337959979276,5.43337959979276,0.2061234147506704,Uniswap V3,SushiSwap V2,-0.624293,-0.624293,-0.214306,-0.214306,Uniswap V3 -> SushiSwap V2,99.785694,-0.214306,-0.214306,False
26011787,2026-09-19 13:13:59+00:00,500.0,2635.983692762439,2641.417072362232,5.43337959979276,5.43337959979276,0.2061234147506704,Uniswap V3,SushiSwap V2,-4.505874,-0.9011748,-2.463817,-0.4927634,Uniswap V3 -> SushiSwap V2,497.536183,-2.463817,-0.4927634,False
26011787,2026-09-19 13:13:59+00:00,1000.0,2635.983692762439,2641.417072362232,5.43337959979276,5.43337959979276,0.2061234147506704,Uniswap V3,SushiSwap V2,-12.451156,-1.2451156,-8.386575,-0.8386575,Uniswap V3 -> SushiSwap V2,991.613425,-8.386575,-0.8386575,False
26011787,2026-09-19 13:13:59+00:00,5000.0,2635.983692762439,2641.417072362232,5.43337959979276,5.43337959979276,0.2061234147506704,Uniswap V3,SushiSwap V2,-195.650841,-3.91301682,-176.079166,-3.52158332,Uniswap V3 -> SushiSwap V2,4823.920834,-176.079166,-3.52158332,False
26011787,2026-09-19 13:13:59+00:00,10000.0,2635.983692762439,2641.417072362232,5.43337959979276,5.43337959979276,0.2061234147506704,Uniswap V3,SushiSwap V2,-705.180595,-7.05180595,-667.77609,-6.6777609,Uniswap V3 -> SushiSwap V2,9332.22391,-667.77609,-6.6777609,False
26011788,2026-09-19 13:14:11+00:00,100.0,2635.983692762439,2641.417072362232,5.43337959979276,5.43337959979276,0.2061234147506704,Uniswap V3,SushiSwap V2,-0.624293,-0.624293,-0.214306,-0.214306,Uniswap V3 -> SushiSwap V2,99.785694,-0.214306,-0.214306,False
26011788,2026-09-19 13:14:11+00:00,500.0,2635.983692762439,2641.417072362232,5.43337959979276,5.43337959979276,0.2061234147506704,Uniswap V3,SushiSwap V2,-4.505874,-0.9011748,-2.463817,-0.4927634,Uniswap V3 -> SushiSwap V2,497.536183,-2.463817,-0.4927634,False
26011788,2026-09-19 13:14:11+00:00,1000.0,2635.983692762439,2641.417072362232,5.43337959979276,5.43337959979276,0.2061234147506704,Uniswap V3,SushiSwap V2,-12.451156,-1.2451156,-8.386575,-0.8386575,Uniswap V3 -> SushiSwap V2,991.613425,-8.386575,-0.8386575,False
26011788,2026-09-19 13:14:11+00:00,5000.0,2635.983692762439,2641.417072362232,5.43337959979276,5.43337959979276,0.2061234147506704,Uniswap V3,SushiSwap V2,-195.650841,-3.91301682,-176.079166,-3.52158332,Uniswap V3 -> SushiSwap V2,4823.920834,-176.079166,-3.52158332,False
26011788,2026-09-19 13:14:11+00:00,10000.0,2635.983692762439,2641.417072362232,5.43337959979276,5.43337959979276,0.2061234147506704,Uniswap V3,SushiSwap V2,-705.180595,-7.05180595,-667.77609,-6.6777609,Uniswap V3 -> SushiSwap V2,9332.22391,-667.77609,-6.6777609,False
26011789,2026-09-19 13:14:23+00:00,100.0,2635.983692762439,2641.417072362232,5.43337959979276,5.43337959979276,0.2061234147506704,Uniswap V3,SushiSwap V2,-0.624293,-0.624293,-0.214306,-0.214306,Uniswap V3 -> SushiSwap V2,99.785694,-0.214306,-0.214306,False
26011789,2026-09-19 13:14:23+00:00,500.0,2635.983692762439,2641.417072362232,5.43337959979276,5.43337959979276,0.2061234147506704,Uniswap V3,SushiSwap V2,-4.505874,-0.9011748,-2.463817,-0.4927634,Uniswap V3 -> SushiSwap V2,497.536183,-2.463817,-0.4927634,False
26011789,2026-09-19 13:14:23+00:00,1000.0,2635.983692762439,2641.417072362232,5.43337959979276,5.43337959979276,0.2061234147506704,Uniswap V3,SushiSwap V2,-12.451156,-1.2451156,-8.386575,-0.8386575,Uniswap V3 -> SushiSwap V2,991.613425,-8.386575,-0.8386575,False
26011789,2026-09-19 13:14:23+00:00,5000.0,2635.983692762439,2641.417072362232,5.43337959979276,5.43337959979276,0.2061234147506704,Uniswap V3,SushiSwap V2,-195.650841,-3.91301682,-176.079166,-3.52158332,Uniswap V3 -> SushiSwap V2,4823.920834,-176.079166,-3.52158332,False
26011789,2026-09-19 13:14:23+00:00,10000.0,2635.983692762439,2641.417072362232,5.43337959979276,5.43337959979276,0.2061234147506704,Uniswap V3,SushiSwap V2,-705.180595,-7.05180595,-667.77609,-6.6777609,Uniswap V3 -> SushiSwap V2,9332.22391,-667.77609,-6.6777609,False
26011790,2026-09-19 13:14:35+00:00,100.0,2635.983692762439,2641.417072362232,5.43337959979276,5.43337959979276,0.2061234147506704,Uniswap V3,SushiSwap V2,-0.624293,-0.624293,-0.214306,-0.214306,Uniswap V3 -> SushiSwap V2,99.785694,-0.214306,-0.214306,False
26011790,2026-09-19 13:14:35+00:00,500.0,2635.983692762439,2641.417072362232,5.43337959979276,5.43337959979276,0.2061234147506704,Uniswap V3,SushiSwap V2,-4.505874,-0.9011748,-2.463817,-0.4927634,Uniswap V3 -> SushiSwap V2,497.536183,-2.463817,-0.4927634,False
26011790,2026-09-19 13:14:35+00:00,1000.0,2635.983692762439,2641.417072362232,5.43337959979276,5.43337959979276,0.2061234147506704,Uniswap V3,SushiSwap V2,-12.451156,-1.2451156,-8.386575,-0.8386575,Uniswap V3 -> SushiSwap V2,991.613425,-8.386575,-0.8386575,False
26011790,2026-09-19 13:14:35+00:00,5000.0,2635.983692762439,2641.417072362232,5.43337959979276,5.43337959979276,0.2061234147506704,Uniswap V3,SushiSwap V2,-195.650841,-3.91301682,-176.079166,-3.52158332,Uniswap V3 -> SushiSwap V2,4823.920834,-176.079166,-3.52158332,False
26011790,2026-09-19 13:14:35+00:00,10000.0,2635.983692762439,2641.417072362232,5.43337959979276,5.43337959979276,0.2061234147506704,Uniswap V3,SushiSwap V2,-705.180595,-7.05180595,-667.77609,-6.6777609,Uniswap V3 -> SushiSwap V2,9332.22391,-667.77609,-6.6777609,False
26011791,2026-09-19 13:14:47+00:00,100.0,2635.983692762439,2641.417072362232,5.43337959979276,5.43337959979276,0.2061234147506704,Uniswap V3,SushiSwap V2,-0.624293,-0.624293,-0.214306,-0.214306,Uniswap V3 -> SushiSwap V2,99.785694,-0.214306,-0.214306,False
26011791,2026-09-19 13:14:47+00:00,500.0,2635.983692762439,2641.417072362232,5.43337959979276,5.43337959979276,0.2061234147506704,Uniswap V3,SushiSwap V2,-4.505874,-0.9011748,-2.463817,-0.4927634,Uniswap V3 -> SushiSwap V2,497.536183,-2.463817,-0.4927634,False
26011791,2026-09-19 13:14:47+00:00,1000.0,2635.983692762439,2641.417072362232,5.43337959979276,5.43337959979276,0.2061234147506704,Uniswap V3,SushiSwap V2,-12.451156,-1.2451156,-8.386575,-0.8386575,Uniswap V3 -> SushiSwap V2,991.613425,-8.386575,-0.8386575,False
26011791,2026-09-19 13:14:47+00:00,5000.0,2635.983692762439,2641.417072362232,5.43337959979276,5.43337959979276,0.2061234147506704,Uniswap V3,SushiSwap V2,-195.650841,-3.91301682,-176.079166,-3.52158332,Uniswap V3 -> SushiSwap V2,4823.920834,-176.079166,-3.52158332,False
26011791,2026-09-19 13:14:47+00:00,10000.0,2635.983692762439,2641.417072362232,5.43337959979276,5.43337959979276,0.2061234147506704,Uniswap V3,SushiSwap V2,-705.180595,-7.05180595,-667.77609,-6.6777609,Uniswap V3 -> SushiSwap V2,9332.22391,-667.77609,-6.6777609,False
26011792,2026-09-19 13:14:59+00:00,100.0,2635.983692762439,2641.417072362232,5.43337959979276,5.43337959979276,0.2061234147506704,Uniswap V3,SushiSwap V2,-0.624293,-0.624293,-0.214306,-0.214306,Uniswap V3 -> SushiSwap V2,99.785694,-0.214306,-0.214306,False
26011792,2026-09-19 13:14:59+00:00,500.0,2635.983692762439,2641.417072362232,5.43337959979276,5.43337959979276,0.2061234147506704,Uniswap V3,SushiSwap V2,-4.505874,-0.9011748,-2.463817,-0.4927634,Uniswap V3 -> SushiSwap V2,497.536183,-2.463817,-0.4927634,False
26011792,2026-09-19 13:14:59+00:00,1000.0,2635.983692762439,2641.417072362232,5.43337959979276,5.43337959979276,0.2061234147506704,Uniswap V3,SushiSwap V2,-12.451156,-1.2451156,-8.386575,-0.8386575,Uniswap V3 -> SushiSwap V2,991.613425,-8.386575,-0.8386575,False
26011792,2026-09-19 13:14:59+00:00,5000.0,2635.983692762439,2641.417072362232,5.43337959979276,5.43337959979276,0.2061234147506704,Uniswap V3,SushiSwap V2,-195.650841,-3.91301682,-176.079166,-3.52158332,Uniswap V3 -> SushiSwap V2,4823.920834,-176.079166,-3.52158332,False
26011792,2026-09-19 13:14:59+00:00,10000.0,2635.983692762439,2641.417072362232,5.43337959979276,5.43337959979276,0.2061234147506704,Uniswap V3,SushiSwap V2,-705.180595,-7.05180595,-667.77609,-6.6777609,Uniswap V3 -> SushiSwap V2,9332.22391,-667.77609,-6.6777609,False
26011793,2026-09-19 13:15:11+00:00,100.0,2636.714877845221,2641.417072362232,4.702194517010912,4.702194517010912,0.17833534283591726,Uniswap V3,SushiSwap V2,-0.596727,-0.596727,-0.241958,-0.241958,Uniswap V3 -> SushiSwap V2,99.758042,-0.241958,-0.241958,False
26011793,2026-09-19 13:15:11+00:00,500.0,2636.714877845221,2641.417072362232,4.702194517010912,4.702194517010912,0.17833534283591726,Uniswap V3,SushiSwap V2,-4.368431,-0.8736862,-2.601308,-0.5202616,Uniswap V3 -> SushiSwap V2,497.398692,-2.601308,-0.5202616,False
26011793,2026-09-19 13:15:11+00:00,1000.0,2636.714877845221,2641.417072362232,4.702194517010912,4.702194517010912,0.17833534283591726,Uniswap V3,SushiSwap V2,-12.177224,-1.2177224,-8.659648,-0.8659648,Uniswap V3 -> SushiSwap V2,991.340352,-8.659648,-0.8659648,False
26011793,2026-09-19 13:15:11+00:00,5000.0,2636.714877845221,2641.417072362232,4.702194517010912,4.702194517010912,0.17833534283591726,Uniswap V3,SushiSwap V2,-194.318193,-3.88636386,-177.371668,-3.54743336,Uniswap V3 -> SushiSwap V2,4822.628332,-177.371668,-3.54743336,False
26011793,2026-09-19 13:15:11+00:00,10000.0,2636.714877845221,2641.417072362232,4.702194517010912,4.702194517010912,0.17833534283591726,Uniswap V3,SushiSwap V2,-702.602384,-7.02602384,-670.194778,-6.70194778,Uniswap V3 -> SushiSwap V2,9329.805222,-670.194778,-6.70194778,False
26011794,2026-09-19 13:15:23+00:00,100.0,2636.7996567545765,2641.417072362232,4.6174156076552855,4.6174156076552855,0.17511438898389758,Uniswap V3,SushiSwap V2,-0.593531,-0.593531,-0.245164,-0.245164,Uniswap V3 -> SushiSwap V2,99.754836,-0.245164,-0.245164,False
26011794,2026-09-19 13:15:23+00:00,500.0,2636.7996567545765,2641.417072362232,4.6174156076552855,4.6174156076552855,0.17511438898389758,Uniswap V3,SushiSwap V2,-4.352495,-0.870499,-2.617244,-0.5234488,Uniswap V3 -> SushiSwap V2,497.382756,-2.617244,-0.5234488,False
26011794,2026-09-19 13:15:23+00:00,1000.0,2636.7996567545765,2641.417072362232,4.6174156076552855,4.6174156076552855,0.17511438898389758,Uniswap V3,SushiSwap V2,-12.145462,-1.2145462,-8.691301,-0.8691301,Uniswap V3 -> SushiSwap V2,991.308699,-8.691301,-0.8691301,False
26011794,2026-09-19 13:15:23+00:00,5000.0,2636.7996567545765,2641.417072362232,4.6174156076552855,4.6174156076552855,0.17511438898389758,Uniswap V3,SushiSwap V2,-194.163676,-3.88327352,-177.521485,-3.5504297,Uniswap V3 -> SushiSwap V2,4822.478515,-177.521485,-3.5504297,False
26011794,2026-09-19 13:15:23+00:00,10000.0,2636.7996567545765,2641.417072362232,4.6174156076552855,4.6174156076552855,0.17511438898389758,Uniswap V3,SushiSwap V2,-702.303449,-7.02303449,-670.475137,-6.70475137,Uniswap V3 -> SushiSwap V2,9329.524863,-670.475137,-6.70475137,False
26011795,2026-09-19 13:15:35+00:00,100.0,2636.7996567545765,2641.417072362232,4.6174156076552855,4.6174156076552855,0.17511438898389758,Uniswap V3,SushiSwap V2,-0.593531,-0.593531,-0.245164,-0.245164,Uniswap V3 -> SushiSwap V2,99.754836,-0.245164,-0.245164,False
26011795,2026-09-19 13:15:35+00:00,500.0,2636.7996567545765,2641.417072362232,4.6174156076552855,4.6174156076552855,0.17511438898389758,Uniswap V3,SushiSwap V2,-4.352495,-0.870499,-2.617244,-0.5234488,Uniswap V3 -> SushiSwap V2,497.382756,-2.617244,-0.5234488,False
26011795,2026-09-19 13:15:35+00:00,1000.0,2636.7996567545765,2641.417072362232,4.6174156076552855,4.6174156076552855,0.17511438898389758,Uniswap V3,SushiSwap V2,-12.145462,-1.2145462,-8.691301,-0.8691301,Uniswap V3 -> SushiSwap V2,991.308699,-8.691301,-0.8691301,False
26011795,2026-09-19 13:15:35+00:00,5000.0,2636.7996567545765,2641.417072362232,4.6174156076552855,4.6174156076552855,0.17511438898389758,Uniswap V3,SushiSwap V2,-194.163676,-3.88327352,-177.521485,-3.5504297,Uniswap V3 -> SushiSwap V2,4822.478515,-177.521485,-3.5504297,False
26011795,2026-09-19 13:15:35+00:00,10000.0,2636.7996567545765,2641.417072362232,4.6174156076552855,4.6174156076552855,0.17511438898389758,Uniswap V3,SushiSwap V2,-702.303449,-7.02303449,-670.475137,-6.70475137,Uniswap V3 -> SushiSwap V2,9329.524863,-670.475137,-6.70475137,False
26011796,2026-09-19 13:15:47+00:00,100.0,2636.7996567545765,2641.417072362232,4.6174156076552855,4.6174156076552855,0.17511438898389758,Uniswap V3,SushiSwap V2,-0.593531,-0.593531,-0.245164,-0.245164,Uniswap V3 -> SushiSwap V2,99.754836,-0.245164,-0.245164,False
26011796,2026-09-19 13:15:47+00:00,500.0,2636.7996567545765,2641.417072362232,4.6174156076552855,4.6174156076552855,0.17511438898389758,Uniswap V3,SushiSwap V2,-4.352495,-0.870499,-2.617244,-0.5234488,Uniswap V3 -> SushiSwap V2,497.382756,-2.617244,-0.5234488,False
26011796,2026-09-19 13:15:47+00:00,1000.0,2636.7996567545765,2641.417072362232,4.6174156076552855,4.6174156076552855,0.17511438898389758,Uniswap V3,SushiSwap V2,-12.145462,-1.2145462,-8.691301,-0.8691301,Uniswap V3 -> SushiSwap V2,991.308699,-8.691301,-0.8691301,False
26011796,2026-09-19 13:15:47+00:00,5000.0,2636.7996567545765,2641.417072362232,4.6174156076552855,4.6174156076552855,0.17511438898389758,Uniswap V3,SushiSwap V2,-194.163676,-3.88327352,-177.521485,-3.5504297,Uniswap V3 -> SushiSwap V2,4822.478515,-177.521485,-3.5504297,False
26011796,2026-09-19 13:15:47+00:00,10000.0,2636.7996567545765,2641.417072362232,4.6174156076552855,4.6174156076552855,0.17511438898389758,Uniswap V3,SushiSwap V2,-702.303449,-7.02303449,-670.475137,-6.70475137,Uniswap V3 -> SushiSwap V2,9329.524863,-670.475137,-6.70475137,False
26011797,2026-09-19 13:15:59+00:00,100.0,2637.0184806356588,2641.417072362232,4.398591726573351,4.398591726573351,0.16680170271362912,Uniswap V3,SushiSwap V2,-0.585282,-0.585282,-0.253436,-0.253436,Uniswap V3 -> SushiSwap V2,99.746564,-0.253436,-0.253436,False
26011797,2026-09-19 13:15:59+00:00,500.0,2637.0184806356588,2641.417072362232,4.398591726573351,4.398591726573351,0.16680170271362912,Uniswap V3,SushiSwap V2,-4.311362,-0.8622724,-2.658374,-0.5316748,Uniswap V3 -> SushiSwap V2,497.341626,-2.658374,-0.5316748,False
26011797,2026-09-19 13:15:59+00:00,1000.0,2637.0184806356588,2641.417072362232,4.398591726573351,4.398591726573351,0.16680170271362912,Uniswap V3,SushiSwap V2,-12.063482,-1.2063482,-8.772989,-0.8772989,Uniswap V3 -> SushiSwap V2,991.227011,-8.772989,-0.8772989,False
26011797,2026-09-19 13:15:59+00:00,5000.0,2637.0184806356588,2641.417072362232,4.398591726573351,4.398591726573351,0.16680170271362912,Uniswap V3,SushiSwap V2,-193.764852,-3.87529704,-177.908137,-3.55816274,Uniswap V3 -> SushiSwap V2,4822.091863,-177.908137,-3.55816274,False
26011797,2026-09-19 13:15:59+00:00,10000.0,2637.0184806356588,2641.417072362232,4.398591726573351,4.398591726573351,0.16680170271362912,Uniswap V3,SushiSwap V2,-701.531863,-7.01531863,-671.198697,-6.71198697,Uniswap V3 -> SushiSwap V2,9328.801303,-671.198697,-6.71198697,False
26011798,2026-09-19 13:16:11+00:00,100.0,2637.041094730566,2641.417072362232,4.375977631666334,4.375977631666334,0.16594271664596266,Uniswap V3,SushiSwap V2,-0.584429,-0.584429,-0.25429,-0.25429,Uniswap V3 -> SushiSwap V2,99.74571,-0.25429,-0.25429,False
26011798,2026-09-19 13:16:11+00:00,500.0,2637.041094730566,2641.417072362232,4.375977631666334,4.375977631666334,0.16594271664596266,Uniswap V3,SushiSwap V2,-4.307111,-0.8614222,-2.662624,-0.5325248,Uniswap V3 -> SushiSwap V2,497.337376,-2.662624,-0.5325248,False
26011798,2026-09-19 13:16:11+00:00,1000.0,2637.041094730566,2641.417072362232,4.375977631666334,4.375977631666334,0.16594271664596266,Uniswap V3,SushiSwap V2,-12.05501,-1.205501,-8.781431,-0.8781431,Uniswap V3 -> SushiSwap V2,991.218569,-8.781431,-0.8781431,False
26011798,2026-09-19 13:16:11+00:00,5000.0,2637.041094730566,2641.417072362232,4.375977631666334,4.375977631666334,0.16594271664596266,Uniswap V3,SushiSwap V2,-193.723636,-3.87447272,-177.948092,-3.55896184,Uniswap V3 -> SushiSwap V2,4822.051908,-177.948092,-3.55896184,False
26011798,2026-09-19 13:16:11+00:00,10000.0,2637.041094730566,2641.417072362232,4.375977631666334,4.375977631666334,0.16594271664596266,Uniswap V3,SushiSwap V2,-701.452125,-7.01452125,-671.273466,-6.71273466,Uniswap V3 -> SushiSwap V2,9328.726534,-671.273466,-6.71273466,False
